"id","user_id","conference_id","type","price","createdAt","updatedAt"
"1","5","2","Reserved-Seating","1007.00","2020-06-20 09:08:36",NULL
"2","1","1","Coded-discount","1128.00","2020-06-20 09:08:36",NULL
"3","4","1","Coded-discount","1252.00","2020-06-20 09:08:36",NULL
"4","5","2","VIP","1650.00","2020-06-20 09:08:36",NULL
"5","6","6","General-admission","1263.00","2020-06-20 09:08:36",NULL
"6","5","4","General-admission","1978.00","2020-06-20 09:08:36",NULL
"7","3","3","Coded-discount","1520.00","2020-06-20 09:08:36",NULL
"8","5","3","VIP","1892.00","2020-06-20 09:08:36",NULL
"9","1","2","VIP","1059.00","2020-06-20 09:08:36",NULL
"10","2","3","General-admission","1341.00","2020-06-20 09:08:36",NULL
"11","2","3","General-admission","1686.00","2020-06-20 09:08:36",NULL
"12","4","1","Coded-discount","1256.00","2020-06-20 09:08:36",NULL
"13","2","6","Coded-discount","1717.00","2020-06-20 09:08:36",NULL
"14","5","3","Reserved-Seating","1549.00","2020-06-20 09:08:36",NULL
"15","2","2","Early-bird-discount","1350.00","2020-06-20 09:08:36",NULL
"16","6","4","Coded-discount","1539.00","2020-06-20 09:08:36",NULL
"17","6","3","Coded-discount","1545.00","2020-06-20 09:08:36",NULL
"18","1","1","General-admission","1768.00","2020-06-20 09:08:36",NULL
"19","5","1","Early-bird-discount","1135.00","2020-06-20 09:08:36",NULL
"20","1","4","Early-bird-discount","1001.00","2020-06-20 09:08:36",NULL
"21","5","5","Coded-discount","1337.00","2020-06-20 09:08:36",NULL
"22","3","6","Early-bird-discount","1387.00","2020-06-20 09:08:36",NULL
"23","1","1","VIP","1043.00","2020-06-20 09:08:36",NULL
"24","1","6","Coded-discount","1547.00","2020-06-20 09:08:36",NULL
"25","6","4","General-admission","1242.00","2020-06-20 09:08:36",NULL
"26","1","5","General-admission","1438.00","2020-06-20 09:08:37",NULL
"27","6","6","VIP","1922.00","2020-06-20 09:08:37",NULL
"28","3","5","Coded-discount","1231.00","2020-06-20 09:08:37",NULL
"29","6","6","Early-bird-discount","1999.00","2020-06-20 09:08:37",NULL
"30","6","3","Coded-discount","1460.00","2020-06-20 09:08:37",NULL
"31","2","6","Coded-discount","1655.00","2020-06-20 09:08:37",NULL
"32","4","3","Reserved-Seating","1404.00","2020-06-20 09:08:37",NULL
"33","1","1","Reserved-Seating","1736.00","2020-06-20 09:08:37",NULL
"34","3","1","Coded-discount","1050.00","2020-06-20 09:08:37",NULL
"35","1","2","General-admission","1979.00","2020-06-20 09:08:37",NULL
"36","1","6","General-admission","1994.00","2020-06-20 09:08:37",NULL
"37","6","6","Reserved-Seating","1797.00","2020-06-20 09:08:37",NULL
"38","6","5","Reserved-Seating","1978.00","2020-06-20 09:08:37",NULL
"39","6","1","Reserved-Seating","1115.00","2020-06-20 09:08:37",NULL
"40","6","6","Coded-discount","1024.00","2020-06-20 09:08:37",NULL
"41","6","1","Early-bird-discount","1416.00","2020-06-20 09:08:37",NULL
"42","4","2","Coded-discount","1643.00","2020-06-20 09:08:37",NULL
"43","6","4","Coded-discount","1797.00","2020-06-20 09:08:37",NULL
"44","3","4","Early-bird-discount","1354.00","2020-06-20 09:08:37",NULL
"45","2","2","VIP","1182.00","2020-06-20 09:08:37",NULL
"46","5","3","Coded-discount","1290.00","2020-06-20 09:08:37",NULL
"47","3","1","Coded-discount","1334.00","2020-06-20 09:08:37",NULL
"48","2","4","General-admission","1269.00","2020-06-20 09:08:37",NULL
"49","2","1","Reserved-Seating","1505.00","2020-06-20 09:08:37",NULL
"50","3","6","Reserved-Seating","1730.00","2020-06-20 09:08:37",NULL
"51","4","2","General-admission","1845.00","2020-06-20 09:08:37",NULL
"52","5","5","Early-bird-discount","1654.00","2020-06-20 09:08:37",NULL
"53","6","4","Early-bird-discount","1677.00","2020-06-20 09:08:37",NULL
"54","4","4","General-admission","1183.00","2020-06-20 09:08:37",NULL
"55","3","2","VIP","1357.00","2020-06-20 09:08:37",NULL
"56","2","1","Early-bird-discount","1299.00","2020-06-20 09:08:37",NULL
"57","5","1","Coded-discount","1483.00","2020-06-20 09:08:37",NULL
"58","3","5","Early-bird-discount","1815.00","2020-06-20 09:08:37",NULL
"59","4","1","Reserved-Seating","1575.00","2020-06-20 09:08:38",NULL
"60","5","4","VIP","1942.00","2020-06-20 09:08:38",NULL
"61","3","2","Reserved-Seating","1891.00","2020-06-20 09:08:38",NULL
"62","1","2","Early-bird-discount","1799.00","2020-06-20 09:08:38",NULL
"63","2","2","Early-bird-discount","1535.00","2020-06-20 09:08:38",NULL
"64","3","5","Coded-discount","1235.00","2020-06-20 09:08:38",NULL
"65","3","6","Early-bird-discount","1984.00","2020-06-20 09:08:38",NULL
"66","3","5","Reserved-Seating","1745.00","2020-06-20 09:08:38",NULL
"67","6","1","Coded-discount","1305.00","2020-06-20 09:08:38",NULL
"68","2","4","Coded-discount","1198.00","2020-06-20 09:08:38",NULL
"69","5","6","VIP","1356.00","2020-06-20 09:08:38",NULL
"70","6","3","Early-bird-discount","1700.00","2020-06-20 09:08:38",NULL
"71","3","2","Early-bird-discount","1974.00","2020-06-20 09:08:38",NULL
"72","6","5","VIP","1822.00","2020-06-20 09:08:38",NULL
"73","5","5","Coded-discount","1443.00","2020-06-20 09:08:38",NULL
"74","3","4","Reserved-Seating","1075.00","2020-06-20 09:08:38",NULL
"75","1","3","Early-bird-discount","1833.00","2020-06-20 09:08:38",NULL
"76","6","4","VIP","1153.00","2020-06-20 09:08:38",NULL
"77","6","5","Reserved-Seating","1879.00","2020-06-20 09:08:38",NULL
"78","2","6","Coded-discount","1158.00","2020-06-20 09:08:38",NULL
"79","4","2","Early-bird-discount","1285.00","2020-06-20 09:08:38",NULL
"80","5","4","Reserved-Seating","1422.00","2020-06-20 09:08:38",NULL
"81","4","6","VIP","1854.00","2020-06-20 09:08:38",NULL
"82","4","6","Coded-discount","1214.00","2020-06-20 09:08:38",NULL
"83","1","4","VIP","1254.00","2020-06-20 09:08:38",NULL
"84","6","1","VIP","1789.00","2020-06-20 09:08:38",NULL
"85","4","6","VIP","1239.00","2020-06-20 09:08:38",NULL
"86","1","1","Coded-discount","1073.00","2020-06-20 09:08:38",NULL
"87","5","6","Reserved-Seating","1921.00","2020-06-20 09:08:38",NULL
"88","1","1","Early-bird-discount","1595.00","2020-06-20 09:08:38",NULL
"89","2","4","VIP","1921.00","2020-06-20 09:08:38",NULL
"90","4","5","General-admission","1592.00","2020-06-20 09:08:38",NULL
"91","6","4","VIP","1640.00","2020-06-20 09:08:39",NULL
"92","2","4","Coded-discount","1835.00","2020-06-20 09:08:39",NULL
"93","5","1","Coded-discount","1167.00","2020-06-20 09:08:39",NULL
"94","1","4","Coded-discount","1808.00","2020-06-20 09:08:39",NULL
"95","5","3","VIP","1410.00","2020-06-20 09:08:39",NULL
"96","1","1","VIP","1232.00","2020-06-20 09:08:39",NULL
"97","2","6","Reserved-Seating","1244.00","2020-06-20 09:08:39",NULL
"98","5","1","Coded-discount","1371.00","2020-06-20 09:08:39",NULL
"99","2","2","General-admission","1403.00","2020-06-20 09:08:39",NULL
"100","2","2","VIP","1193.00","2020-06-20 09:08:39",NULL
"101","1","1","VIP","1169.00","2020-06-20 09:08:39",NULL
"102","5","4","Coded-discount","1901.00","2020-06-20 09:08:39",NULL
"103","4","3","Coded-discount","1164.00","2020-06-20 09:08:39",NULL
"104","2","2","Coded-discount","1329.00","2020-06-20 09:08:39",NULL
"105","6","3","Early-bird-discount","1878.00","2020-06-20 09:08:39",NULL
"106","6","5","Coded-discount","1172.00","2020-06-20 09:08:39",NULL
"107","4","5","General-admission","1281.00","2020-06-20 09:08:39",NULL
"108","4","3","Coded-discount","1047.00","2020-06-20 09:08:39",NULL
"109","5","2","Early-bird-discount","1753.00","2020-06-20 09:08:39",NULL
"110","4","2","Coded-discount","1969.00","2020-06-20 09:08:39",NULL
"111","5","1","General-admission","1223.00","2020-06-20 09:08:39",NULL
"112","1","6","VIP","1010.00","2020-06-20 09:08:39",NULL
"113","5","6","General-admission","1480.00","2020-06-20 09:08:39",NULL
"114","5","2","Coded-discount","1674.00","2020-06-20 09:08:39",NULL
"115","3","3","General-admission","1999.00","2020-06-20 09:08:39",NULL
"116","6","1","Coded-discount","1002.00","2020-06-20 09:08:39",NULL
"117","1","3","General-admission","1618.00","2020-06-20 09:08:39",NULL
"118","1","5","Coded-discount","1436.00","2020-06-20 09:08:39",NULL
"119","6","6","Reserved-Seating","1294.00","2020-06-20 09:08:39",NULL
"120","4","5","Coded-discount","1960.00","2020-06-20 09:08:39",NULL
"121","2","1","Early-bird-discount","1784.00","2020-06-20 09:08:39",NULL
"122","1","6","Early-bird-discount","1522.00","2020-06-20 09:08:39",NULL
"123","6","1","Reserved-Seating","1956.00","2020-06-20 09:08:39",NULL
"124","4","6","VIP","1385.00","2020-06-20 09:08:39",NULL
"125","4","6","Early-bird-discount","1598.00","2020-06-20 09:08:39",NULL
"126","4","6","Reserved-Seating","1198.00","2020-06-20 09:08:40",NULL
"127","5","6","VIP","1106.00","2020-06-20 09:08:40",NULL
"128","6","1","Coded-discount","1303.00","2020-06-20 09:08:40",NULL
"129","5","6","Coded-discount","1502.00","2020-06-20 09:08:40",NULL
"130","6","6","Reserved-Seating","1382.00","2020-06-20 09:08:40",NULL
"131","2","2","VIP","1727.00","2020-06-20 09:08:40",NULL
"132","5","5","Reserved-Seating","1414.00","2020-06-20 09:08:40",NULL
"133","5","3","VIP","1658.00","2020-06-20 09:08:40",NULL
"134","2","3","Coded-discount","1559.00","2020-06-20 09:08:40",NULL
"135","1","1","Coded-discount","1600.00","2020-06-20 09:08:40",NULL
"136","2","3","Coded-discount","1201.00","2020-06-20 09:08:40",NULL
"137","3","1","General-admission","1828.00","2020-06-20 09:08:40",NULL
"138","5","3","Reserved-Seating","1829.00","2020-06-20 09:08:40",NULL
"139","6","4","Early-bird-discount","1247.00","2020-06-20 09:08:40",NULL
"140","3","4","Reserved-Seating","1149.00","2020-06-20 09:08:40",NULL
"141","3","3","Early-bird-discount","1079.00","2020-06-20 09:08:40",NULL
"142","5","6","Early-bird-discount","1084.00","2020-06-20 09:08:40",NULL
"143","3","1","General-admission","1707.00","2020-06-20 09:08:40",NULL
"144","6","2","VIP","1309.00","2020-06-20 09:08:40",NULL
"145","6","2","Coded-discount","1530.00","2020-06-20 09:08:40",NULL
"146","5","4","Early-bird-discount","1732.00","2020-06-20 09:08:40",NULL
"147","5","3","Reserved-Seating","1531.00","2020-06-20 09:08:40",NULL
"148","4","3","VIP","1300.00","2020-06-20 09:08:40",NULL
"149","2","3","VIP","1369.00","2020-06-20 09:08:40",NULL
"150","5","2","General-admission","1854.00","2020-06-20 09:08:40",NULL
"151","3","6","Early-bird-discount","1321.00","2020-06-20 09:08:40",NULL
"152","2","2","VIP","1583.00","2020-06-20 09:08:40",NULL
"153","2","4","Coded-discount","1909.00","2020-06-20 09:08:40",NULL
"154","5","4","General-admission","1396.00","2020-06-20 09:08:40",NULL
"155","1","4","Early-bird-discount","1716.00","2020-06-20 09:08:40",NULL
"156","1","3","Reserved-Seating","1815.00","2020-06-20 09:08:40",NULL
"157","5","6","Early-bird-discount","1870.00","2020-06-20 09:08:40",NULL
"158","6","5","Coded-discount","1398.00","2020-06-20 09:08:40",NULL
"159","3","1","Coded-discount","1545.00","2020-06-20 09:08:40",NULL
"160","6","2","Early-bird-discount","1438.00","2020-06-20 09:08:41",NULL
"161","6","1","General-admission","1445.00","2020-06-20 09:08:41",NULL
"162","4","5","Reserved-Seating","1743.00","2020-06-20 09:08:41",NULL
"163","1","5","Coded-discount","1821.00","2020-06-20 09:08:41",NULL
"164","2","5","Reserved-Seating","1291.00","2020-06-20 09:08:41",NULL
"165","1","3","Coded-discount","1958.00","2020-06-20 09:08:41",NULL
"166","5","5","General-admission","1376.00","2020-06-20 09:08:41",NULL
"167","6","1","Reserved-Seating","1097.00","2020-06-20 09:08:41",NULL
"168","3","3","Reserved-Seating","1285.00","2020-06-20 09:08:41",NULL
"169","4","6","General-admission","1112.00","2020-06-20 09:08:41",NULL
"170","1","2","VIP","1117.00","2020-06-20 09:08:41",NULL
"171","1","4","Reserved-Seating","1828.00","2020-06-20 09:08:41",NULL
"172","5","6","VIP","1983.00","2020-06-20 09:08:41",NULL
"173","1","5","VIP","1614.00","2020-06-20 09:08:41",NULL
"174","5","3","Reserved-Seating","1987.00","2020-06-20 09:08:41",NULL
"175","6","6","Reserved-Seating","1849.00","2020-06-20 09:08:41",NULL
"176","2","6","Reserved-Seating","1935.00","2020-06-20 09:08:41",NULL
"177","6","6","Coded-discount","1522.00","2020-06-20 09:08:41",NULL
"178","2","6","VIP","1787.00","2020-06-20 09:08:41",NULL
"179","3","6","Reserved-Seating","1123.00","2020-06-20 09:08:41",NULL
"180","5","5","VIP","1286.00","2020-06-20 09:08:41",NULL
"181","3","3","VIP","1789.00","2020-06-20 09:08:41",NULL
"182","3","2","Coded-discount","1315.00","2020-06-20 09:08:41",NULL
"183","4","3","Coded-discount","1517.00","2020-06-20 09:08:41",NULL
"184","6","3","Reserved-Seating","1961.00","2020-06-20 09:08:41",NULL
"185","3","6","Coded-discount","1151.00","2020-06-20 09:08:41",NULL
"186","3","2","VIP","1636.00","2020-06-20 09:08:41",NULL
"187","6","4","Reserved-Seating","1327.00","2020-06-20 09:08:41",NULL
"188","4","3","Early-bird-discount","1989.00","2020-06-20 09:08:41",NULL
"189","2","5","Reserved-Seating","1508.00","2020-06-20 09:08:41",NULL
"190","4","5","VIP","1106.00","2020-06-20 09:08:41",NULL
"191","4","5","General-admission","1089.00","2020-06-20 09:08:41",NULL
"192","2","6","General-admission","1142.00","2020-06-20 09:08:41",NULL
"193","5","4","Coded-discount","1012.00","2020-06-20 09:08:42",NULL
"194","5","4","Early-bird-discount","1370.00","2020-06-20 09:08:42",NULL
"195","5","3","Reserved-Seating","2000.00","2020-06-20 09:08:42",NULL
"196","4","2","Coded-discount","1314.00","2020-06-20 09:08:42",NULL
"197","4","2","General-admission","1285.00","2020-06-20 09:08:42",NULL
"198","2","5","Reserved-Seating","1009.00","2020-06-20 09:08:42",NULL
"199","1","2","General-admission","1119.00","2020-06-20 09:08:42",NULL
"200","6","1","VIP","1944.00","2020-06-20 09:08:42",NULL
"201","5","4","Coded-discount","1082.00","2020-06-20 09:08:42",NULL
"202","6","4","Early-bird-discount","1111.00","2020-06-20 09:08:42",NULL
"203","4","2","General-admission","1988.00","2020-06-20 09:08:42",NULL
"204","2","3","General-admission","1377.00","2020-06-20 09:08:42",NULL
"205","6","6","Reserved-Seating","1825.00","2020-06-20 09:08:42",NULL
"206","6","4","Early-bird-discount","1390.00","2020-06-20 09:08:42",NULL
"207","2","1","General-admission","1837.00","2020-06-20 09:08:42",NULL
"208","3","3","Reserved-Seating","1877.00","2020-06-20 09:08:42",NULL
"209","5","2","Early-bird-discount","1647.00","2020-06-20 09:08:42",NULL
"210","4","6","Early-bird-discount","1087.00","2020-06-20 09:08:42",NULL
"211","4","5","VIP","1477.00","2020-06-20 09:08:42",NULL
"212","3","6","General-admission","1487.00","2020-06-20 09:08:42",NULL
"213","6","3","General-admission","1194.00","2020-06-20 09:08:42",NULL
"214","4","1","VIP","1823.00","2020-06-20 09:08:42",NULL
"215","3","2","Reserved-Seating","1625.00","2020-06-20 09:08:42",NULL
"216","5","1","Reserved-Seating","1906.00","2020-06-20 09:08:42",NULL
"217","3","2","Reserved-Seating","1398.00","2020-06-20 09:08:42",NULL
"218","6","3","Early-bird-discount","1974.00","2020-06-20 09:08:42",NULL
"219","6","2","VIP","1478.00","2020-06-20 09:08:42",NULL
"220","5","1","Early-bird-discount","1039.00","2020-06-20 09:08:42",NULL
"221","1","1","General-admission","1569.00","2020-06-20 09:08:42",NULL
"222","1","1","VIP","1850.00","2020-06-20 09:08:42",NULL
"223","2","3","Coded-discount","1927.00","2020-06-20 09:08:42",NULL
"224","6","1","General-admission","1457.00","2020-06-20 09:08:42",NULL
"225","4","1","Coded-discount","1710.00","2020-06-20 09:08:42",NULL
"226","4","2","Reserved-Seating","1356.00","2020-06-20 09:08:42",NULL
"227","3","1","Reserved-Seating","1314.00","2020-06-20 09:08:42",NULL
"228","4","3","VIP","1526.00","2020-06-20 09:08:42",NULL
"229","1","1","Reserved-Seating","1855.00","2020-06-20 09:08:42",NULL
"230","5","3","Early-bird-discount","1355.00","2020-06-20 09:08:42",NULL
"231","5","5","General-admission","1813.00","2020-06-20 09:08:43",NULL
"232","1","1","General-admission","1825.00","2020-06-20 09:08:43",NULL
"233","1","2","General-admission","1652.00","2020-06-20 09:08:43",NULL
"234","3","4","Reserved-Seating","1776.00","2020-06-20 09:08:43",NULL
"235","5","5","VIP","1972.00","2020-06-20 09:08:43",NULL
"236","4","4","VIP","1906.00","2020-06-20 09:08:43",NULL
"237","4","4","Early-bird-discount","1742.00","2020-06-20 09:08:43",NULL
"238","3","6","General-admission","1858.00","2020-06-20 09:08:43",NULL
"239","6","3","VIP","1388.00","2020-06-20 09:08:43",NULL
"240","6","1","Early-bird-discount","1553.00","2020-06-20 09:08:43",NULL
"241","6","2","General-admission","1897.00","2020-06-20 09:08:43",NULL
"242","2","2","Early-bird-discount","1997.00","2020-06-20 09:08:43",NULL
"243","1","6","VIP","1115.00","2020-06-20 09:08:43",NULL
"244","1","1","VIP","1059.00","2020-06-20 09:08:43",NULL
"245","2","3","VIP","1273.00","2020-06-20 09:08:43",NULL
"246","3","4","VIP","1551.00","2020-06-20 09:08:43",NULL
"247","5","1","Early-bird-discount","1519.00","2020-06-20 09:08:43",NULL
"248","1","6","Early-bird-discount","1208.00","2020-06-20 09:08:43",NULL
"249","3","5","General-admission","1826.00","2020-06-20 09:08:43",NULL
"250","5","2","General-admission","1424.00","2020-06-20 09:08:43",NULL
"251","1","2","Early-bird-discount","1901.00","2020-06-20 09:08:43",NULL
"252","2","5","Coded-discount","1280.00","2020-06-20 09:08:43",NULL
"253","3","1","Early-bird-discount","1327.00","2020-06-20 09:08:43",NULL
"254","5","5","Early-bird-discount","1548.00","2020-06-20 09:08:43",NULL
"255","5","1","Reserved-Seating","1545.00","2020-06-20 09:08:43",NULL
"256","5","6","Early-bird-discount","1194.00","2020-06-20 09:08:43",NULL
"257","3","1","Early-bird-discount","1864.00","2020-06-20 09:08:43",NULL
"258","4","4","General-admission","1571.00","2020-06-20 09:08:43",NULL
"259","2","6","Reserved-Seating","1925.00","2020-06-20 09:08:43",NULL
"260","6","5","Coded-discount","1927.00","2020-06-20 09:08:43",NULL
"261","3","5","Coded-discount","1499.00","2020-06-20 09:08:43",NULL
"262","1","1","General-admission","1204.00","2020-06-20 09:08:43",NULL
"263","3","2","VIP","1625.00","2020-06-20 09:08:43",NULL
"264","5","6","VIP","1651.00","2020-06-20 09:08:43",NULL
"265","1","5","Early-bird-discount","1625.00","2020-06-20 09:08:43",NULL
"266","4","5","General-admission","1064.00","2020-06-20 09:08:43",NULL
"267","5","5","VIP","1457.00","2020-06-20 09:08:44",NULL
"268","6","5","General-admission","1200.00","2020-06-20 09:08:44",NULL
"269","2","4","Early-bird-discount","1850.00","2020-06-20 09:08:44",NULL
"270","3","2","VIP","1028.00","2020-06-20 09:08:44",NULL
"271","3","4","VIP","1869.00","2020-06-20 09:08:44",NULL
"272","2","4","Early-bird-discount","1004.00","2020-06-20 09:08:44",NULL
"273","1","1","Reserved-Seating","1159.00","2020-06-20 09:08:44",NULL
"274","2","3","Coded-discount","1094.00","2020-06-20 09:08:44",NULL
"275","2","3","VIP","1520.00","2020-06-20 09:08:44",NULL
"276","1","3","Coded-discount","1107.00","2020-06-20 09:08:44",NULL
"277","2","5","General-admission","1206.00","2020-06-20 09:08:44",NULL
"278","1","4","VIP","1417.00","2020-06-20 09:08:44",NULL
"279","5","3","General-admission","1941.00","2020-06-20 09:08:44",NULL
"280","2","2","Reserved-Seating","1224.00","2020-06-20 09:08:44",NULL
"281","6","4","General-admission","1871.00","2020-06-20 09:08:44",NULL
"282","3","6","General-admission","1420.00","2020-06-20 09:08:44",NULL
"283","5","6","VIP","1291.00","2020-06-20 09:08:44",NULL
"284","6","5","Coded-discount","1096.00","2020-06-20 09:08:44",NULL
"285","6","6","Early-bird-discount","1482.00","2020-06-20 09:08:44",NULL
"286","4","6","Early-bird-discount","1440.00","2020-06-20 09:08:44",NULL
"287","1","1","Coded-discount","1855.00","2020-06-20 09:08:44",NULL
"288","4","1","VIP","1312.00","2020-06-20 09:08:44",NULL
"289","4","5","VIP","1413.00","2020-06-20 09:08:44",NULL
"290","2","1","Early-bird-discount","1774.00","2020-06-20 09:08:44",NULL
"291","6","6","VIP","1351.00","2020-06-20 09:08:44",NULL
"292","4","3","Coded-discount","1268.00","2020-06-20 09:08:44",NULL
"293","3","5","Coded-discount","1995.00","2020-06-20 09:08:44",NULL
"294","4","3","VIP","1559.00","2020-06-20 09:08:44",NULL
"295","3","6","General-admission","1698.00","2020-06-20 09:08:44",NULL
"296","2","1","General-admission","1475.00","2020-06-20 09:08:44",NULL
"297","5","1","Early-bird-discount","1823.00","2020-06-20 09:08:44",NULL
"298","5","1","Early-bird-discount","1707.00","2020-06-20 09:08:44",NULL
"299","2","2","Coded-discount","1863.00","2020-06-20 09:08:44",NULL
"300","5","2","General-admission","1436.00","2020-06-20 09:08:44",NULL
"301","3","3","VIP","1275.00","2020-06-20 09:08:44",NULL
"302","1","3","Reserved-Seating","1239.00","2020-06-20 09:08:44",NULL
"303","1","6","Reserved-Seating","1101.00","2020-06-20 09:08:45",NULL
"304","4","2","Reserved-Seating","1583.00","2020-06-20 09:08:45",NULL
"305","3","5","Reserved-Seating","1314.00","2020-06-20 09:08:45",NULL
"306","6","5","VIP","1825.00","2020-06-20 09:08:45",NULL
"307","2","1","Reserved-Seating","1874.00","2020-06-20 09:08:45",NULL
"308","6","1","Reserved-Seating","1914.00","2020-06-20 09:08:45",NULL
"309","1","5","VIP","1219.00","2020-06-20 09:08:45",NULL
"310","3","1","VIP","1047.00","2020-06-20 09:08:45",NULL
"311","4","5","Coded-discount","1305.00","2020-06-20 09:08:45",NULL
"312","6","3","General-admission","1380.00","2020-06-20 09:08:45",NULL
"313","5","5","Reserved-Seating","1219.00","2020-06-20 09:08:45",NULL
"314","4","3","Early-bird-discount","1687.00","2020-06-20 09:08:45",NULL
"315","1","2","Coded-discount","1207.00","2020-06-20 09:08:45",NULL
"316","4","1","Early-bird-discount","1829.00","2020-06-20 09:08:45",NULL
"317","5","2","Early-bird-discount","1857.00","2020-06-20 09:08:45",NULL
"318","5","5","General-admission","1012.00","2020-06-20 09:08:45",NULL
"319","3","3","General-admission","1017.00","2020-06-20 09:08:45",NULL
"320","6","1","Reserved-Seating","1138.00","2020-06-20 09:08:45",NULL
"321","3","3","Early-bird-discount","1920.00","2020-06-20 09:08:45",NULL
"322","1","2","Reserved-Seating","1939.00","2020-06-20 09:08:45",NULL
"323","5","4","Early-bird-discount","1141.00","2020-06-20 09:08:45",NULL
"324","2","1","Coded-discount","1046.00","2020-06-20 09:08:45",NULL
"325","1","6","Coded-discount","1083.00","2020-06-20 09:08:45",NULL
"326","5","1","General-admission","1950.00","2020-06-20 09:08:45",NULL
"327","1","5","General-admission","1024.00","2020-06-20 09:08:45",NULL
"328","5","6","Coded-discount","1833.00","2020-06-20 09:08:45",NULL
"329","3","5","Reserved-Seating","1895.00","2020-06-20 09:08:45",NULL
"330","5","3","Early-bird-discount","1690.00","2020-06-20 09:08:45",NULL
"331","3","4","Reserved-Seating","1558.00","2020-06-20 09:08:45",NULL
"332","5","5","Coded-discount","1849.00","2020-06-20 09:08:45",NULL
"333","1","3","Early-bird-discount","1021.00","2020-06-20 09:08:45",NULL
"334","4","4","Coded-discount","1526.00","2020-06-20 09:08:45",NULL
"335","3","5","General-admission","1140.00","2020-06-20 09:08:45",NULL
"336","6","2","Early-bird-discount","1268.00","2020-06-20 09:08:45",NULL
"337","6","4","Early-bird-discount","1098.00","2020-06-20 09:08:45",NULL
"338","4","1","VIP","1050.00","2020-06-20 09:08:45",NULL
"339","4","5","Early-bird-discount","1066.00","2020-06-20 09:08:45",NULL
"340","6","3","General-admission","1125.00","2020-06-20 09:08:45",NULL
"341","2","2","Early-bird-discount","1658.00","2020-06-20 09:08:46",NULL
"342","6","1","VIP","1852.00","2020-06-20 09:08:46",NULL
"343","2","1","VIP","1276.00","2020-06-20 09:08:46",NULL
"344","4","1","Reserved-Seating","1667.00","2020-06-20 09:08:46",NULL
"345","6","2","Coded-discount","1098.00","2020-06-20 09:08:46",NULL
"346","2","2","General-admission","1549.00","2020-06-20 09:08:46",NULL
"347","1","4","VIP","1669.00","2020-06-20 09:08:46",NULL
"348","1","5","Reserved-Seating","1642.00","2020-06-20 09:08:46",NULL
"349","1","6","VIP","1269.00","2020-06-20 09:08:46",NULL
"350","6","3","Reserved-Seating","1348.00","2020-06-20 09:08:46",NULL
"351","4","1","Reserved-Seating","1455.00","2020-06-20 09:08:46",NULL
"352","6","3","Coded-discount","1261.00","2020-06-20 09:08:46",NULL
"353","3","4","Reserved-Seating","1821.00","2020-06-20 09:08:46",NULL
"354","1","5","Coded-discount","1434.00","2020-06-20 09:08:46",NULL
"355","1","6","Early-bird-discount","1375.00","2020-06-20 09:08:46",NULL
"356","3","2","Coded-discount","1759.00","2020-06-20 09:08:46",NULL
"357","5","2","General-admission","1470.00","2020-06-20 09:08:46",NULL
"358","4","2","Reserved-Seating","1615.00","2020-06-20 09:08:46",NULL
"359","5","5","Coded-discount","1812.00","2020-06-20 09:08:46",NULL
"360","4","2","Reserved-Seating","1054.00","2020-06-20 09:08:46",NULL
"361","6","3","VIP","1783.00","2020-06-20 09:08:46",NULL
"362","1","5","General-admission","1946.00","2020-06-20 09:08:46",NULL
"363","6","2","Early-bird-discount","1771.00","2020-06-20 09:08:46",NULL
"364","2","4","VIP","1734.00","2020-06-20 09:08:46",NULL
"365","2","2","Early-bird-discount","1763.00","2020-06-20 09:08:46",NULL
"366","2","4","Coded-discount","1969.00","2020-06-20 09:08:46",NULL
"367","6","3","Reserved-Seating","1310.00","2020-06-20 09:08:46",NULL
"368","5","3","Reserved-Seating","1316.00","2020-06-20 09:08:46",NULL
"369","4","4","VIP","1183.00","2020-06-20 09:08:46",NULL
"370","3","5","General-admission","1526.00","2020-06-20 09:08:46",NULL
"371","6","6","VIP","1097.00","2020-06-20 09:08:46",NULL
"372","1","6","Reserved-Seating","1509.00","2020-06-20 09:08:46",NULL
"373","4","1","Coded-discount","1492.00","2020-06-20 09:08:46",NULL
"374","4","3","VIP","1063.00","2020-06-20 09:08:46",NULL
"375","6","2","VIP","1317.00","2020-06-20 09:08:46",NULL
"376","5","2","Coded-discount","1714.00","2020-06-20 09:08:46",NULL
"377","4","6","General-admission","1776.00","2020-06-20 09:08:46",NULL
"378","1","4","General-admission","1997.00","2020-06-20 09:08:47",NULL
"379","2","1","Early-bird-discount","1971.00","2020-06-20 09:08:47",NULL
"380","2","2","VIP","1210.00","2020-06-20 09:08:47",NULL
"381","6","1","General-admission","1018.00","2020-06-20 09:08:47",NULL
"382","3","4","General-admission","1353.00","2020-06-20 09:08:47",NULL
"383","4","1","Reserved-Seating","1336.00","2020-06-20 09:08:47",NULL
"384","4","2","Reserved-Seating","1357.00","2020-06-20 09:08:47",NULL
"385","6","6","Early-bird-discount","1260.00","2020-06-20 09:08:47",NULL
"386","6","6","VIP","1196.00","2020-06-20 09:08:47",NULL
"387","5","3","VIP","1315.00","2020-06-20 09:08:47",NULL
"388","5","1","VIP","1246.00","2020-06-20 09:08:47",NULL
"389","5","6","General-admission","1772.00","2020-06-20 09:08:47",NULL
"390","5","2","VIP","1724.00","2020-06-20 09:08:47",NULL
"391","5","4","Early-bird-discount","1468.00","2020-06-20 09:08:47",NULL
"392","6","1","Early-bird-discount","1674.00","2020-06-20 09:08:47",NULL
"393","3","2","General-admission","1887.00","2020-06-20 09:08:47",NULL
"394","3","3","Reserved-Seating","1320.00","2020-06-20 09:08:47",NULL
"395","2","6","Early-bird-discount","1933.00","2020-06-20 09:08:47",NULL
"396","6","5","Coded-discount","1921.00","2020-06-20 09:08:47",NULL
"397","6","5","Coded-discount","1962.00","2020-06-20 09:08:47",NULL
"398","5","5","Early-bird-discount","1441.00","2020-06-20 09:08:47",NULL
"399","4","2","Early-bird-discount","1624.00","2020-06-20 09:08:47",NULL
"400","6","6","General-admission","1351.00","2020-06-20 09:08:47",NULL
"401","3","4","VIP","1446.00","2020-06-20 09:08:47",NULL
"402","3","1","General-admission","1686.00","2020-06-20 09:08:47",NULL
"403","2","4","Early-bird-discount","1092.00","2020-06-20 09:08:47",NULL
"404","3","3","Coded-discount","1056.00","2020-06-20 09:08:47",NULL
"405","5","5","Coded-discount","1350.00","2020-06-20 09:08:47",NULL
"406","4","2","Reserved-Seating","1424.00","2020-06-20 09:08:47",NULL
"407","2","6","Coded-discount","1870.00","2020-06-20 09:08:47",NULL
"408","4","4","VIP","1371.00","2020-06-20 09:08:47",NULL
"409","2","3","Coded-discount","1302.00","2020-06-20 09:08:47",NULL
"410","5","2","VIP","1808.00","2020-06-20 09:08:47",NULL
"411","4","4","Coded-discount","1977.00","2020-06-20 09:08:47",NULL
"412","2","3","Coded-discount","1834.00","2020-06-20 09:08:48",NULL
"413","5","5","General-admission","1062.00","2020-06-20 09:08:48",NULL
"414","5","2","Reserved-Seating","1634.00","2020-06-20 09:08:48",NULL
"415","2","6","Early-bird-discount","1159.00","2020-06-20 09:08:48",NULL
"416","4","5","VIP","1371.00","2020-06-20 09:08:48",NULL
"417","1","3","VIP","1344.00","2020-06-20 09:08:48",NULL
"418","1","3","Reserved-Seating","1861.00","2020-06-20 09:08:48",NULL
"419","3","2","General-admission","1536.00","2020-06-20 09:08:48",NULL
"420","2","5","Coded-discount","1199.00","2020-06-20 09:08:48",NULL
"421","6","6","Early-bird-discount","1220.00","2020-06-20 09:08:48",NULL
"422","3","3","VIP","1703.00","2020-06-20 09:08:48",NULL
"423","6","5","General-admission","1810.00","2020-06-20 09:08:48",NULL
"424","6","5","Coded-discount","1179.00","2020-06-20 09:08:48",NULL
"425","6","6","VIP","1862.00","2020-06-20 09:08:48",NULL
"426","4","3","General-admission","1894.00","2020-06-20 09:08:48",NULL
"427","6","3","Reserved-Seating","1159.00","2020-06-20 09:08:48",NULL
"428","3","5","General-admission","1742.00","2020-06-20 09:08:48",NULL
"429","4","5","VIP","1323.00","2020-06-20 09:08:48",NULL
"430","6","3","Coded-discount","1149.00","2020-06-20 09:08:48",NULL
"431","1","1","Early-bird-discount","1693.00","2020-06-20 09:08:48",NULL
"432","6","6","Early-bird-discount","1586.00","2020-06-20 09:08:48",NULL
"433","2","6","Early-bird-discount","1495.00","2020-06-20 09:08:48",NULL
"434","1","4","Coded-discount","1573.00","2020-06-20 09:08:48",NULL
"435","4","2","General-admission","1469.00","2020-06-20 09:08:48",NULL
"436","3","2","General-admission","1896.00","2020-06-20 09:08:48",NULL
"437","3","6","Reserved-Seating","1251.00","2020-06-20 09:08:48",NULL
"438","4","6","Coded-discount","1769.00","2020-06-20 09:08:48",NULL
"439","3","1","Reserved-Seating","1162.00","2020-06-20 09:08:48",NULL
"440","4","2","General-admission","1675.00","2020-06-20 09:08:48",NULL
"441","2","2","Coded-discount","1973.00","2020-06-20 09:08:48",NULL
"442","4","2","Coded-discount","1173.00","2020-06-20 09:08:48",NULL
"443","5","3","VIP","1352.00","2020-06-20 09:08:48",NULL
"444","1","3","VIP","1397.00","2020-06-20 09:08:48",NULL
"445","1","3","General-admission","1276.00","2020-06-20 09:08:48",NULL
"446","6","2","Early-bird-discount","1905.00","2020-06-20 09:08:48",NULL
"447","2","6","General-admission","1081.00","2020-06-20 09:08:48",NULL
"448","5","3","VIP","1034.00","2020-06-20 09:08:49",NULL
"449","5","1","Reserved-Seating","1294.00","2020-06-20 09:08:49",NULL
"450","2","3","VIP","1615.00","2020-06-20 09:08:49",NULL
"451","4","3","VIP","1876.00","2020-06-20 09:08:49",NULL
"452","5","1","General-admission","1595.00","2020-06-20 09:08:49",NULL
"453","2","1","General-admission","1384.00","2020-06-20 09:08:49",NULL
"454","6","6","Early-bird-discount","1795.00","2020-06-20 09:08:49",NULL
"455","4","4","Reserved-Seating","1542.00","2020-06-20 09:08:49",NULL
"456","6","4","General-admission","1703.00","2020-06-20 09:08:49",NULL
"457","4","4","General-admission","1509.00","2020-06-20 09:08:49",NULL
"458","5","4","Early-bird-discount","1947.00","2020-06-20 09:08:49",NULL
"459","3","2","Early-bird-discount","1668.00","2020-06-20 09:08:49",NULL
"460","1","6","VIP","1268.00","2020-06-20 09:08:49",NULL
"461","3","2","Early-bird-discount","1133.00","2020-06-20 09:08:49",NULL
"462","2","2","Early-bird-discount","1298.00","2020-06-20 09:08:49",NULL
"463","2","2","Early-bird-discount","1376.00","2020-06-20 09:08:49",NULL
"464","3","2","Early-bird-discount","1715.00","2020-06-20 09:08:49",NULL
"465","2","1","General-admission","1756.00","2020-06-20 09:08:49",NULL
"466","6","1","VIP","1531.00","2020-06-20 09:08:49",NULL
"467","3","6","Early-bird-discount","1059.00","2020-06-20 09:08:49",NULL
"468","5","4","Early-bird-discount","1190.00","2020-06-20 09:08:49",NULL
"469","6","6","Early-bird-discount","1815.00","2020-06-20 09:08:49",NULL
"470","1","4","Coded-discount","1406.00","2020-06-20 09:08:49",NULL
"471","4","5","Coded-discount","1087.00","2020-06-20 09:08:49",NULL
"472","4","5","VIP","1847.00","2020-06-20 09:08:49",NULL
"473","2","1","Coded-discount","1364.00","2020-06-20 09:08:49",NULL
"474","1","6","Coded-discount","1533.00","2020-06-20 09:08:49",NULL
"475","5","2","General-admission","1401.00","2020-06-20 09:08:49",NULL
"476","3","6","Early-bird-discount","1667.00","2020-06-20 09:08:49",NULL
"477","4","4","Reserved-Seating","1315.00","2020-06-20 09:08:49",NULL
"478","1","1","VIP","1702.00","2020-06-20 09:08:49",NULL
"479","3","3","Reserved-Seating","1770.00","2020-06-20 09:08:49",NULL
"480","3","2","Reserved-Seating","1716.00","2020-06-20 09:08:49",NULL
"481","4","3","Early-bird-discount","1958.00","2020-06-20 09:08:49",NULL
"482","5","6","General-admission","1351.00","2020-06-20 09:08:49",NULL
"483","6","6","Reserved-Seating","1247.00","2020-06-20 09:08:49",NULL
"484","6","2","Reserved-Seating","1657.00","2020-06-20 09:08:50",NULL
"485","1","4","General-admission","1521.00","2020-06-20 09:08:50",NULL
"486","2","1","Coded-discount","1341.00","2020-06-20 09:08:50",NULL
"487","5","2","Reserved-Seating","1669.00","2020-06-20 09:08:50",NULL
"488","6","4","VIP","1499.00","2020-06-20 09:08:50",NULL
"489","6","1","Early-bird-discount","1169.00","2020-06-20 09:08:50",NULL
"490","1","6","General-admission","1525.00","2020-06-20 09:08:50",NULL
"491","6","6","Coded-discount","1194.00","2020-06-20 09:08:50",NULL
"492","5","4","Coded-discount","1755.00","2020-06-20 09:08:50",NULL
"493","5","6","Early-bird-discount","1695.00","2020-06-20 09:08:50",NULL
"494","5","1","VIP","1139.00","2020-06-20 09:08:50",NULL
"495","4","3","Early-bird-discount","1298.00","2020-06-20 09:08:50",NULL
"496","4","1","Coded-discount","1612.00","2020-06-20 09:08:50",NULL
"497","2","3","Reserved-Seating","1248.00","2020-06-20 09:08:50",NULL
"498","4","1","Early-bird-discount","1687.00","2020-06-20 09:08:50",NULL
"499","3","6","General-admission","1941.00","2020-06-20 09:08:50",NULL
"500","2","1","Reserved-Seating","1436.00","2020-06-20 09:08:50",NULL
"501","2","3","VIP","1225.00","2020-06-20 09:08:50",NULL
"502","5","2","General-admission","1908.00","2020-06-20 09:08:50",NULL
"503","4","4","VIP","1136.00","2020-06-20 09:08:50",NULL
"504","2","5","Coded-discount","1970.00","2020-06-20 09:08:50",NULL
"505","1","1","VIP","1822.00","2020-06-20 09:08:50",NULL
"506","3","6","Early-bird-discount","1599.00","2020-06-20 09:08:50",NULL
"507","5","3","Early-bird-discount","1050.00","2020-06-20 09:08:50",NULL
"508","2","5","VIP","1036.00","2020-06-20 09:08:50",NULL
"509","4","6","Coded-discount","1045.00","2020-06-20 09:08:50",NULL
"510","3","6","VIP","1821.00","2020-06-20 09:08:50",NULL
"511","3","1","General-admission","1875.00","2020-06-20 09:08:50",NULL
"512","1","5","Reserved-Seating","1765.00","2020-06-20 09:08:50",NULL
"513","1","1","Coded-discount","1445.00","2020-06-20 09:08:50",NULL
"514","2","5","Early-bird-discount","1481.00","2020-06-20 09:08:50",NULL
"515","6","4","Reserved-Seating","1213.00","2020-06-20 09:08:51",NULL
"516","4","3","General-admission","1007.00","2020-06-20 09:08:51",NULL
"517","3","6","VIP","1108.00","2020-06-20 09:08:51",NULL
"518","6","2","Early-bird-discount","1275.00","2020-06-20 09:08:51",NULL
"519","5","4","General-admission","1426.00","2020-06-20 09:08:51",NULL
"520","5","4","VIP","1984.00","2020-06-20 09:08:51",NULL
"521","3","6","Reserved-Seating","1231.00","2020-06-20 09:08:51",NULL
"522","1","4","VIP","1963.00","2020-06-20 09:08:51",NULL
"523","6","5","Reserved-Seating","1040.00","2020-06-20 09:08:51",NULL
"524","5","2","Early-bird-discount","1618.00","2020-06-20 09:08:51",NULL
"525","5","5","General-admission","1027.00","2020-06-20 09:08:51",NULL
"526","6","1","Early-bird-discount","1102.00","2020-06-20 09:08:51",NULL
"527","3","2","Reserved-Seating","1849.00","2020-06-20 09:08:51",NULL
"528","3","3","Coded-discount","1140.00","2020-06-20 09:08:51",NULL
"529","3","1","General-admission","1229.00","2020-06-20 09:08:51",NULL
"530","5","5","Early-bird-discount","1386.00","2020-06-20 09:08:51",NULL
"531","3","6","Coded-discount","1568.00","2020-06-20 09:08:51",NULL
"532","3","1","General-admission","1805.00","2020-06-20 09:08:51",NULL
"533","6","6","General-admission","1282.00","2020-06-20 09:08:51",NULL
"534","1","3","VIP","1256.00","2020-06-20 09:08:51",NULL
"535","6","5","Coded-discount","1037.00","2020-06-20 09:08:51",NULL
"536","6","3","Reserved-Seating","1006.00","2020-06-20 09:08:51",NULL
"537","5","1","Early-bird-discount","1010.00","2020-06-20 09:08:51",NULL
"538","4","1","Coded-discount","1670.00","2020-06-20 09:08:51",NULL
"539","1","3","VIP","1610.00","2020-06-20 09:08:51",NULL
"540","3","3","Early-bird-discount","1028.00","2020-06-20 09:08:51",NULL
"541","1","5","General-admission","1061.00","2020-06-20 09:08:51",NULL
"542","3","2","Reserved-Seating","1984.00","2020-06-20 09:08:51",NULL
"543","4","5","Early-bird-discount","1897.00","2020-06-20 09:08:51",NULL
"544","3","3","General-admission","1672.00","2020-06-20 09:08:51",NULL
"545","6","6","Coded-discount","1388.00","2020-06-20 09:08:51",NULL
"546","6","6","Reserved-Seating","1731.00","2020-06-20 09:08:51",NULL
"547","6","6","Early-bird-discount","1510.00","2020-06-20 09:08:51",NULL
"548","4","5","Coded-discount","1356.00","2020-06-20 09:08:51",NULL
"549","6","5","VIP","1979.00","2020-06-20 09:08:51",NULL
"550","3","5","General-admission","1296.00","2020-06-20 09:08:51",NULL
"551","4","2","VIP","1618.00","2020-06-20 09:08:51",NULL
"552","5","3","Reserved-Seating","1674.00","2020-06-20 09:08:52",NULL
"553","6","6","General-admission","1338.00","2020-06-20 09:08:52",NULL
"554","1","6","Coded-discount","1801.00","2020-06-20 09:08:52",NULL
"555","6","6","Early-bird-discount","1390.00","2020-06-20 09:08:52",NULL
"556","2","6","Coded-discount","1030.00","2020-06-20 09:08:52",NULL
"557","3","6","VIP","1023.00","2020-06-20 09:08:52",NULL
"558","5","6","Reserved-Seating","1911.00","2020-06-20 09:08:52",NULL
"559","3","5","Reserved-Seating","1026.00","2020-06-20 09:08:52",NULL
"560","6","2","Reserved-Seating","1539.00","2020-06-20 09:08:52",NULL
"561","5","1","Reserved-Seating","1376.00","2020-06-20 09:08:52",NULL
"562","4","5","Coded-discount","1741.00","2020-06-20 09:08:52",NULL
"563","4","1","Coded-discount","1717.00","2020-06-20 09:08:52",NULL
"564","5","3","General-admission","1699.00","2020-06-20 09:08:52",NULL
"565","1","5","Reserved-Seating","1691.00","2020-06-20 09:08:52",NULL
"566","1","4","Reserved-Seating","1154.00","2020-06-20 09:08:52",NULL
"567","3","5","Reserved-Seating","1314.00","2020-06-20 09:08:52",NULL
"568","1","5","General-admission","1798.00","2020-06-20 09:08:52",NULL
"569","3","2","Coded-discount","1695.00","2020-06-20 09:08:52",NULL
"570","1","2","Reserved-Seating","1061.00","2020-06-20 09:08:52",NULL
"571","2","2","General-admission","1807.00","2020-06-20 09:08:52",NULL
"572","3","6","Reserved-Seating","1123.00","2020-06-20 09:08:52",NULL
"573","1","1","Coded-discount","1205.00","2020-06-20 09:08:52",NULL
"574","5","4","VIP","1003.00","2020-06-20 09:08:52",NULL
"575","2","3","Early-bird-discount","1887.00","2020-06-20 09:08:52",NULL
"576","2","6","Reserved-Seating","1108.00","2020-06-20 09:08:52",NULL
"577","3","4","Reserved-Seating","1928.00","2020-06-20 09:08:52",NULL
"578","4","5","Coded-discount","1978.00","2020-06-20 09:08:52",NULL
"579","2","5","VIP","1400.00","2020-06-20 09:08:52",NULL
"580","3","4","Reserved-Seating","1377.00","2020-06-20 09:08:52",NULL
"581","3","5","General-admission","1076.00","2020-06-20 09:08:52",NULL
"582","2","6","Reserved-Seating","1849.00","2020-06-20 09:08:52",NULL
"583","6","3","VIP","1375.00","2020-06-20 09:08:52",NULL
"584","6","4","VIP","1443.00","2020-06-20 09:08:52",NULL
"585","6","3","General-admission","1590.00","2020-06-20 09:08:53",NULL
"586","1","2","Coded-discount","1271.00","2020-06-20 09:08:53",NULL
"587","1","5","Coded-discount","1886.00","2020-06-20 09:08:53",NULL
"588","2","4","VIP","1398.00","2020-06-20 09:08:53",NULL
"589","1","1","Early-bird-discount","1573.00","2020-06-20 09:08:53",NULL
"590","4","6","VIP","1157.00","2020-06-20 09:08:53",NULL
"591","4","6","Coded-discount","1190.00","2020-06-20 09:08:53",NULL
"592","2","4","VIP","1391.00","2020-06-20 09:08:53",NULL
"593","5","5","General-admission","1030.00","2020-06-20 09:08:53",NULL
"594","6","4","Early-bird-discount","1688.00","2020-06-20 09:08:53",NULL
"595","2","4","Early-bird-discount","1519.00","2020-06-20 09:08:53",NULL
"596","3","4","Reserved-Seating","1861.00","2020-06-20 09:08:53",NULL
"597","6","4","VIP","1415.00","2020-06-20 09:08:53",NULL
"598","4","2","VIP","1610.00","2020-06-20 09:08:53",NULL
"599","2","4","Reserved-Seating","1932.00","2020-06-20 09:08:53",NULL
"600","3","3","Coded-discount","1639.00","2020-06-20 09:08:53",NULL
"601","3","2","Early-bird-discount","1482.00","2020-06-20 09:08:53",NULL
"602","3","5","Early-bird-discount","1346.00","2020-06-20 09:08:53",NULL
"603","2","5","Early-bird-discount","1318.00","2020-06-20 09:08:53",NULL
"604","4","5","Early-bird-discount","1830.00","2020-06-20 09:08:53",NULL
"605","2","3","Reserved-Seating","1051.00","2020-06-20 09:08:53",NULL
"606","4","4","Reserved-Seating","1204.00","2020-06-20 09:08:53",NULL
"607","6","4","VIP","1024.00","2020-06-20 09:08:53",NULL
"608","5","2","Coded-discount","1941.00","2020-06-20 09:08:53",NULL
"609","3","4","Early-bird-discount","1653.00","2020-06-20 09:08:53",NULL
"610","2","4","VIP","1431.00","2020-06-20 09:08:53",NULL
"611","4","3","General-admission","1871.00","2020-06-20 09:08:53",NULL
"612","3","4","Reserved-Seating","1887.00","2020-06-20 09:08:53",NULL
"613","4","6","Reserved-Seating","1463.00","2020-06-20 09:08:53",NULL
"614","5","1","Reserved-Seating","1416.00","2020-06-20 09:08:53",NULL
"615","5","5","Early-bird-discount","1036.00","2020-06-20 09:08:53",NULL
"616","2","3","Early-bird-discount","1664.00","2020-06-20 09:08:53",NULL
"617","4","1","Coded-discount","1943.00","2020-06-20 09:08:53",NULL
"618","6","1","Coded-discount","1251.00","2020-06-20 09:08:53",NULL
"619","6","6","Coded-discount","1537.00","2020-06-20 09:08:53",NULL
"620","6","2","VIP","1611.00","2020-06-20 09:08:54",NULL
"621","4","6","Early-bird-discount","1390.00","2020-06-20 09:08:54",NULL
"622","2","3","Early-bird-discount","1329.00","2020-06-20 09:08:54",NULL
"623","6","6","VIP","1330.00","2020-06-20 09:08:54",NULL
"624","6","4","Early-bird-discount","1623.00","2020-06-20 09:08:54",NULL
"625","3","3","Reserved-Seating","1004.00","2020-06-20 09:08:54",NULL
"626","5","3","VIP","1210.00","2020-06-20 09:08:54",NULL
"627","3","4","Early-bird-discount","1137.00","2020-06-20 09:08:54",NULL
"628","6","5","General-admission","1025.00","2020-06-20 09:08:54",NULL
"629","1","5","Reserved-Seating","1989.00","2020-06-20 09:08:54",NULL
"630","6","6","Coded-discount","1821.00","2020-06-20 09:08:54",NULL
"631","3","6","Reserved-Seating","1605.00","2020-06-20 09:08:54",NULL
"632","1","1","General-admission","1132.00","2020-06-20 09:08:54",NULL
"633","3","5","VIP","1776.00","2020-06-20 09:08:54",NULL
"634","4","1","Coded-discount","1129.00","2020-06-20 09:08:54",NULL
"635","5","5","Coded-discount","1442.00","2020-06-20 09:08:54",NULL
"636","1","2","Early-bird-discount","1472.00","2020-06-20 09:08:54",NULL
"637","5","2","Reserved-Seating","1063.00","2020-06-20 09:08:54",NULL
"638","4","2","Early-bird-discount","1389.00","2020-06-20 09:08:54",NULL
"639","5","3","General-admission","1889.00","2020-06-20 09:08:54",NULL
"640","6","1","VIP","1264.00","2020-06-20 09:08:54",NULL
"641","2","2","Coded-discount","1799.00","2020-06-20 09:08:54",NULL
"642","4","4","VIP","1964.00","2020-06-20 09:08:54",NULL
"643","4","3","VIP","1767.00","2020-06-20 09:08:54",NULL
"644","2","1","Early-bird-discount","1257.00","2020-06-20 09:08:54",NULL
"645","3","5","VIP","1983.00","2020-06-20 09:08:54",NULL
"646","6","3","VIP","1645.00","2020-06-20 09:08:54",NULL
"647","1","5","General-admission","1975.00","2020-06-20 09:08:54",NULL
"648","1","4","Early-bird-discount","1512.00","2020-06-20 09:08:54",NULL
"649","5","2","Early-bird-discount","1041.00","2020-06-20 09:08:54",NULL
"650","4","6","VIP","1686.00","2020-06-20 09:08:54",NULL
"651","4","2","General-admission","1260.00","2020-06-20 09:08:54",NULL
"652","6","6","Reserved-Seating","1070.00","2020-06-20 09:08:54",NULL
"653","4","6","VIP","1454.00","2020-06-20 09:08:54",NULL
"654","4","1","Reserved-Seating","1213.00","2020-06-20 09:08:55",NULL
"655","1","3","VIP","1314.00","2020-06-20 09:08:55",NULL
"656","4","2","Coded-discount","1684.00","2020-06-20 09:08:55",NULL
"657","3","1","VIP","1931.00","2020-06-20 09:08:55",NULL
"658","3","6","Coded-discount","1753.00","2020-06-20 09:08:55",NULL
"659","5","2","General-admission","1005.00","2020-06-20 09:08:55",NULL
"660","6","1","VIP","1049.00","2020-06-20 09:08:55",NULL
"661","5","5","VIP","1937.00","2020-06-20 09:08:55",NULL
"662","3","1","General-admission","1835.00","2020-06-20 09:08:55",NULL
"663","1","5","Reserved-Seating","1693.00","2020-06-20 09:08:55",NULL
"664","1","5","Early-bird-discount","1490.00","2020-06-20 09:08:55",NULL
"665","4","1","VIP","1616.00","2020-06-20 09:08:55",NULL
"666","6","2","General-admission","1207.00","2020-06-20 09:08:55",NULL
"667","2","4","General-admission","1925.00","2020-06-20 09:08:55",NULL
"668","1","1","VIP","1283.00","2020-06-20 09:08:55",NULL
"669","3","3","Coded-discount","1610.00","2020-06-20 09:08:55",NULL
"670","4","3","VIP","1186.00","2020-06-20 09:08:55",NULL
"671","4","3","Early-bird-discount","1182.00","2020-06-20 09:08:55",NULL
"672","3","5","Reserved-Seating","1438.00","2020-06-20 09:08:55",NULL
"673","2","3","Early-bird-discount","1407.00","2020-06-20 09:08:55",NULL
"674","6","6","Early-bird-discount","1362.00","2020-06-20 09:08:55",NULL
"675","3","4","General-admission","1608.00","2020-06-20 09:08:55",NULL
"676","3","5","VIP","1893.00","2020-06-20 09:08:55",NULL
"677","4","3","Early-bird-discount","1990.00","2020-06-20 09:08:55",NULL
"678","2","4","Reserved-Seating","1306.00","2020-06-20 09:08:55",NULL
"679","1","4","Reserved-Seating","1549.00","2020-06-20 09:08:55",NULL
"680","5","6","Reserved-Seating","1602.00","2020-06-20 09:08:55",NULL
"681","1","2","Coded-discount","1734.00","2020-06-20 09:08:55",NULL
"682","4","3","General-admission","1889.00","2020-06-20 09:08:55",NULL
"683","3","4","Reserved-Seating","1523.00","2020-06-20 09:08:55",NULL
"684","6","2","VIP","1162.00","2020-06-20 09:08:55",NULL
"685","6","1","General-admission","1964.00","2020-06-20 09:08:55",NULL
"686","5","4","Early-bird-discount","1616.00","2020-06-20 09:08:55",NULL
"687","3","6","Reserved-Seating","1686.00","2020-06-20 09:08:55",NULL
"688","5","2","Reserved-Seating","1776.00","2020-06-20 09:08:56",NULL
"689","2","4","Reserved-Seating","1555.00","2020-06-20 09:08:56",NULL
"690","5","2","Coded-discount","1754.00","2020-06-20 09:08:56",NULL
"691","6","6","VIP","1511.00","2020-06-20 09:08:56",NULL
"692","2","4","Reserved-Seating","1429.00","2020-06-20 09:08:56",NULL
"693","1","2","VIP","1073.00","2020-06-20 09:08:56",NULL
"694","3","2","VIP","1694.00","2020-06-20 09:08:56",NULL
"695","5","2","Early-bird-discount","1191.00","2020-06-20 09:08:56",NULL
"696","2","3","Early-bird-discount","1027.00","2020-06-20 09:08:56",NULL
"697","5","1","Coded-discount","1862.00","2020-06-20 09:08:56",NULL
"698","5","2","Reserved-Seating","1264.00","2020-06-20 09:08:56",NULL
"699","6","2","Early-bird-discount","1928.00","2020-06-20 09:08:56",NULL
"700","6","6","Early-bird-discount","1099.00","2020-06-20 09:08:56",NULL
"701","1","6","Reserved-Seating","1204.00","2020-06-20 09:08:56",NULL
"702","3","1","VIP","1787.00","2020-06-20 09:08:56",NULL
"703","2","4","Early-bird-discount","1959.00","2020-06-20 09:08:56",NULL
"704","5","2","General-admission","1241.00","2020-06-20 09:08:56",NULL
"705","3","4","VIP","1930.00","2020-06-20 09:08:56",NULL
"706","1","1","Early-bird-discount","1991.00","2020-06-20 09:08:56",NULL
"707","5","4","General-admission","1729.00","2020-06-20 09:08:56",NULL
"708","1","3","Coded-discount","1733.00","2020-06-20 09:08:56",NULL
"709","2","4","Coded-discount","1837.00","2020-06-20 09:08:56",NULL
"710","2","6","VIP","1391.00","2020-06-20 09:08:56",NULL
"711","4","5","Coded-discount","1279.00","2020-06-20 09:08:56",NULL
"712","3","6","Reserved-Seating","1310.00","2020-06-20 09:08:56",NULL
"713","4","1","VIP","1767.00","2020-06-20 09:08:56",NULL
"714","4","6","Reserved-Seating","1426.00","2020-06-20 09:08:56",NULL
"715","4","2","Coded-discount","1082.00","2020-06-20 09:08:56",NULL
"716","1","1","VIP","1659.00","2020-06-20 09:08:56",NULL
"717","2","1","Coded-discount","1552.00","2020-06-20 09:08:56",NULL
"718","2","6","VIP","1624.00","2020-06-20 09:08:56",NULL
"719","2","4","Reserved-Seating","1844.00","2020-06-20 09:08:56",NULL
"720","1","2","VIP","1152.00","2020-06-20 09:08:56",NULL
"721","6","4","Reserved-Seating","1128.00","2020-06-20 09:08:56",NULL
"722","6","5","General-admission","1350.00","2020-06-20 09:08:56",NULL
"723","6","5","Coded-discount","1527.00","2020-06-20 09:08:56",NULL
"724","5","4","General-admission","1531.00","2020-06-20 09:08:57",NULL
"725","5","5","General-admission","1663.00","2020-06-20 09:08:57",NULL
"726","2","6","Early-bird-discount","1951.00","2020-06-20 09:08:57",NULL
"727","6","4","VIP","1686.00","2020-06-20 09:08:57",NULL
"728","6","3","Coded-discount","1789.00","2020-06-20 09:08:57",NULL
"729","3","6","Coded-discount","1681.00","2020-06-20 09:08:57",NULL
"730","5","1","VIP","1742.00","2020-06-20 09:08:57",NULL
"731","5","6","VIP","1569.00","2020-06-20 09:08:57",NULL
"732","6","5","VIP","1028.00","2020-06-20 09:08:57",NULL
"733","1","2","Coded-discount","1005.00","2020-06-20 09:08:57",NULL
"734","1","3","Early-bird-discount","1347.00","2020-06-20 09:08:57",NULL
"735","3","1","Early-bird-discount","1426.00","2020-06-20 09:08:57",NULL
"736","6","1","General-admission","1963.00","2020-06-20 09:08:57",NULL
"737","1","4","VIP","1142.00","2020-06-20 09:08:57",NULL
"738","1","4","Early-bird-discount","1254.00","2020-06-20 09:08:57",NULL
"739","1","2","Reserved-Seating","1956.00","2020-06-20 09:08:57",NULL
"740","4","2","General-admission","1822.00","2020-06-20 09:08:57",NULL
"741","2","6","VIP","1617.00","2020-06-20 09:08:57",NULL
"742","1","3","General-admission","1427.00","2020-06-20 09:08:57",NULL
"743","4","1","Coded-discount","1385.00","2020-06-20 09:08:57",NULL
"744","3","6","Reserved-Seating","1763.00","2020-06-20 09:08:57",NULL
"745","5","3","Coded-discount","1754.00","2020-06-20 09:08:57",NULL
"746","3","4","VIP","1508.00","2020-06-20 09:08:57",NULL
"747","2","6","Early-bird-discount","1467.00","2020-06-20 09:08:57",NULL
"748","3","4","VIP","1787.00","2020-06-20 09:08:57",NULL
"749","1","1","Coded-discount","1002.00","2020-06-20 09:08:57",NULL
"750","1","4","VIP","1858.00","2020-06-20 09:08:57",NULL
"751","2","3","Reserved-Seating","1424.00","2020-06-20 09:08:57",NULL
"752","6","3","Coded-discount","1694.00","2020-06-20 09:08:57",NULL
"753","1","1","VIP","1394.00","2020-06-20 09:08:57",NULL
"754","3","6","General-admission","1477.00","2020-06-20 09:08:57",NULL
"755","5","2","Reserved-Seating","1355.00","2020-06-20 09:08:57",NULL
"756","4","4","VIP","1575.00","2020-06-20 09:08:57",NULL
"757","6","2","VIP","1792.00","2020-06-20 09:08:57",NULL
"758","4","6","General-admission","1427.00","2020-06-20 09:08:57",NULL
"759","1","1","VIP","1604.00","2020-06-20 09:08:57",NULL
"760","6","2","General-admission","1264.00","2020-06-20 09:08:58",NULL
"761","4","1","VIP","1896.00","2020-06-20 09:08:58",NULL
"762","6","5","General-admission","1617.00","2020-06-20 09:08:58",NULL
"763","1","5","General-admission","1856.00","2020-06-20 09:08:58",NULL
"764","4","2","General-admission","1838.00","2020-06-20 09:08:58",NULL
"765","2","3","General-admission","1966.00","2020-06-20 09:08:58",NULL
"766","1","1","General-admission","1708.00","2020-06-20 09:08:58",NULL
"767","3","4","General-admission","1503.00","2020-06-20 09:08:58",NULL
"768","2","4","Early-bird-discount","1946.00","2020-06-20 09:08:58",NULL
"769","1","6","Coded-discount","1507.00","2020-06-20 09:08:58",NULL
"770","2","4","VIP","1137.00","2020-06-20 09:08:58",NULL
"771","2","6","Reserved-Seating","1776.00","2020-06-20 09:08:58",NULL
"772","2","4","VIP","1650.00","2020-06-20 09:08:58",NULL
"773","5","3","General-admission","1648.00","2020-06-20 09:08:58",NULL
"774","1","6","Reserved-Seating","1282.00","2020-06-20 09:08:58",NULL
"775","3","3","Coded-discount","1608.00","2020-06-20 09:08:58",NULL
"776","6","1","VIP","1435.00","2020-06-20 09:08:58",NULL
"777","5","5","Reserved-Seating","1142.00","2020-06-20 09:08:58",NULL
"778","3","6","General-admission","1251.00","2020-06-20 09:08:58",NULL
"779","1","1","Reserved-Seating","1867.00","2020-06-20 09:08:58",NULL
"780","4","6","Early-bird-discount","1016.00","2020-06-20 09:08:58",NULL
"781","4","5","VIP","1799.00","2020-06-20 09:08:58",NULL
"782","4","4","Early-bird-discount","1620.00","2020-06-20 09:08:58",NULL
"783","2","6","Reserved-Seating","1505.00","2020-06-20 09:08:58",NULL
"784","3","5","VIP","1243.00","2020-06-20 09:08:58",NULL
"785","5","3","General-admission","1171.00","2020-06-20 09:08:58",NULL
"786","2","4","VIP","1787.00","2020-06-20 09:08:58",NULL
"787","2","6","Coded-discount","1021.00","2020-06-20 09:08:58",NULL
"788","5","5","General-admission","1744.00","2020-06-20 09:08:58",NULL
"789","4","4","Reserved-Seating","1449.00","2020-06-20 09:08:58",NULL
"790","1","4","Coded-discount","1278.00","2020-06-20 09:08:58",NULL
"791","5","1","Coded-discount","1824.00","2020-06-20 09:08:58",NULL
"792","2","3","Reserved-Seating","1307.00","2020-06-20 09:08:58",NULL
"793","3","1","Reserved-Seating","1490.00","2020-06-20 09:08:58",NULL
"794","3","2","Reserved-Seating","1686.00","2020-06-20 09:08:58",NULL
"795","6","2","VIP","1820.00","2020-06-20 09:08:58",NULL
"796","4","5","Early-bird-discount","1049.00","2020-06-20 09:08:58",NULL
"797","2","2","General-admission","1180.00","2020-06-20 09:08:58",NULL
"798","2","1","General-admission","1373.00","2020-06-20 09:08:59",NULL
"799","4","4","Coded-discount","1722.00","2020-06-20 09:08:59",NULL
"800","4","1","Reserved-Seating","1713.00","2020-06-20 09:08:59",NULL
"801","5","1","Coded-discount","1110.00","2020-06-20 09:08:59",NULL
"802","2","4","VIP","1444.00","2020-06-20 09:08:59",NULL
"803","6","4","Early-bird-discount","1374.00","2020-06-20 09:08:59",NULL
"804","2","4","Early-bird-discount","1098.00","2020-06-20 09:08:59",NULL
"805","2","6","Coded-discount","1781.00","2020-06-20 09:08:59",NULL
"806","6","6","Early-bird-discount","1993.00","2020-06-20 09:08:59",NULL
"807","4","2","Coded-discount","1816.00","2020-06-20 09:08:59",NULL
"808","6","3","Coded-discount","1807.00","2020-06-20 09:08:59",NULL
"809","1","4","General-admission","1015.00","2020-06-20 09:08:59",NULL
"810","2","1","Early-bird-discount","1563.00","2020-06-20 09:08:59",NULL
"811","2","6","General-admission","1845.00","2020-06-20 09:08:59",NULL
"812","6","6","VIP","1883.00","2020-06-20 09:08:59",NULL
"813","5","4","Early-bird-discount","1639.00","2020-06-20 09:08:59",NULL
"814","2","6","Reserved-Seating","1654.00","2020-06-20 09:08:59",NULL
"815","5","2","Reserved-Seating","1258.00","2020-06-20 09:08:59",NULL
"816","1","5","Coded-discount","1019.00","2020-06-20 09:08:59",NULL
"817","3","6","General-admission","1984.00","2020-06-20 09:08:59",NULL
"818","2","5","General-admission","1233.00","2020-06-20 09:08:59",NULL
"819","6","6","Coded-discount","1451.00","2020-06-20 09:08:59",NULL
"820","1","5","VIP","1641.00","2020-06-20 09:08:59",NULL
"821","3","6","Coded-discount","1618.00","2020-06-20 09:08:59",NULL
"822","5","2","VIP","1382.00","2020-06-20 09:08:59",NULL
"823","3","5","VIP","1477.00","2020-06-20 09:08:59",NULL
"824","4","3","Coded-discount","1243.00","2020-06-20 09:08:59",NULL
"825","6","6","Early-bird-discount","1084.00","2020-06-20 09:08:59",NULL
"826","5","5","Reserved-Seating","1391.00","2020-06-20 09:08:59",NULL
"827","5","1","General-admission","1402.00","2020-06-20 09:08:59",NULL
"828","1","4","Reserved-Seating","1252.00","2020-06-20 09:08:59",NULL
"829","4","1","VIP","1326.00","2020-06-20 09:08:59",NULL
"830","5","6","General-admission","1817.00","2020-06-20 09:08:59",NULL
"831","1","1","General-admission","1814.00","2020-06-20 09:08:59",NULL
"832","6","6","Coded-discount","1771.00","2020-06-20 09:08:59",NULL
"833","4","1","VIP","1429.00","2020-06-20 09:08:59",NULL
"834","3","4","General-admission","1631.00","2020-06-20 09:08:59",NULL
"835","5","6","Reserved-Seating","1977.00","2020-06-20 09:08:59",NULL
"836","5","3","General-admission","1536.00","2020-06-20 09:08:59",NULL
"837","4","2","Coded-discount","1035.00","2020-06-20 09:09:00",NULL
"838","5","2","Reserved-Seating","1167.00","2020-06-20 09:09:00",NULL
"839","4","2","Reserved-Seating","1975.00","2020-06-20 09:09:00",NULL
"840","6","5","General-admission","1123.00","2020-06-20 09:09:00",NULL
"841","5","6","Early-bird-discount","1132.00","2020-06-20 09:09:00",NULL
"842","2","2","Reserved-Seating","1713.00","2020-06-20 09:09:00",NULL
"843","4","4","Reserved-Seating","2000.00","2020-06-20 09:09:00",NULL
"844","1","6","General-admission","1335.00","2020-06-20 09:09:00",NULL
"845","3","2","Coded-discount","1905.00","2020-06-20 09:09:00",NULL
"846","6","2","VIP","1647.00","2020-06-20 09:09:00",NULL
"847","3","6","Reserved-Seating","1618.00","2020-06-20 09:09:00",NULL
"848","1","5","Early-bird-discount","1534.00","2020-06-20 09:09:00",NULL
"849","5","1","VIP","1209.00","2020-06-20 09:09:00",NULL
"850","2","2","Reserved-Seating","1018.00","2020-06-20 09:09:00",NULL
"851","4","6","VIP","1367.00","2020-06-20 09:09:00",NULL
"852","6","5","Reserved-Seating","1537.00","2020-06-20 09:09:00",NULL
"853","2","2","Coded-discount","1548.00","2020-06-20 09:09:00",NULL
"854","4","5","General-admission","1701.00","2020-06-20 09:09:00",NULL
"855","1","1","Reserved-Seating","1657.00","2020-06-20 09:09:00",NULL
"856","6","4","Reserved-Seating","1165.00","2020-06-20 09:09:00",NULL
"857","6","2","Early-bird-discount","1688.00","2020-06-20 09:09:00",NULL
"858","2","1","General-admission","1621.00","2020-06-20 09:09:00",NULL
"859","3","4","General-admission","1527.00","2020-06-20 09:09:00",NULL
"860","5","1","VIP","1581.00","2020-06-20 09:09:00",NULL
"861","4","3","VIP","1733.00","2020-06-20 09:09:00",NULL
"862","3","3","Early-bird-discount","1634.00","2020-06-20 09:09:00",NULL
"863","1","2","Early-bird-discount","1962.00","2020-06-20 09:09:00",NULL
"864","4","3","VIP","1071.00","2020-06-20 09:09:00",NULL
"865","5","3","VIP","1953.00","2020-06-20 09:09:00",NULL
"866","4","1","Early-bird-discount","1224.00","2020-06-20 09:09:00",NULL
"867","2","4","General-admission","1178.00","2020-06-20 09:09:00",NULL
"868","6","5","Reserved-Seating","1300.00","2020-06-20 09:09:00",NULL
"869","1","6","General-admission","1211.00","2020-06-20 09:09:00",NULL
"870","1","5","Early-bird-discount","1146.00","2020-06-20 09:09:00",NULL
"871","4","5","General-admission","1778.00","2020-06-20 09:09:00",NULL
"872","4","6","General-admission","1914.00","2020-06-20 09:09:01",NULL
"873","1","2","General-admission","1006.00","2020-06-20 09:09:01",NULL
"874","1","5","Reserved-Seating","1510.00","2020-06-20 09:09:01",NULL
"875","5","3","General-admission","1503.00","2020-06-20 09:09:01",NULL
"876","4","6","Coded-discount","1551.00","2020-06-20 09:09:01",NULL
"877","3","6","Reserved-Seating","1979.00","2020-06-20 09:09:01",NULL
"878","4","1","VIP","1827.00","2020-06-20 09:09:01",NULL
"879","1","2","Reserved-Seating","1078.00","2020-06-20 09:09:01",NULL
"880","3","2","Reserved-Seating","1770.00","2020-06-20 09:09:01",NULL
"881","6","4","Coded-discount","1650.00","2020-06-20 09:09:01",NULL
"882","1","6","VIP","1768.00","2020-06-20 09:09:01",NULL
"883","2","6","General-admission","1320.00","2020-06-20 09:09:01",NULL
"884","3","6","General-admission","1294.00","2020-06-20 09:09:01",NULL
"885","6","6","Early-bird-discount","1789.00","2020-06-20 09:09:01",NULL
"886","5","2","Reserved-Seating","1742.00","2020-06-20 09:09:01",NULL
"887","2","1","Reserved-Seating","1430.00","2020-06-20 09:09:01",NULL
"888","1","3","General-admission","1834.00","2020-06-20 09:09:01",NULL
"889","5","1","Early-bird-discount","1846.00","2020-06-20 09:09:01",NULL
"890","1","6","VIP","1098.00","2020-06-20 09:09:01",NULL
"891","4","5","Reserved-Seating","1236.00","2020-06-20 09:09:01",NULL
"892","2","4","Reserved-Seating","1069.00","2020-06-20 09:09:01",NULL
"893","2","1","Early-bird-discount","1974.00","2020-06-20 09:09:01",NULL
"894","2","5","General-admission","1258.00","2020-06-20 09:09:01",NULL
"895","5","6","VIP","1064.00","2020-06-20 09:09:01",NULL
"896","6","3","Early-bird-discount","1151.00","2020-06-20 09:09:01",NULL
"897","3","1","Coded-discount","1399.00","2020-06-20 09:09:01",NULL
"898","4","4","Reserved-Seating","1035.00","2020-06-20 09:09:01",NULL
"899","4","6","VIP","1368.00","2020-06-20 09:09:01",NULL
"900","5","3","VIP","1528.00","2020-06-20 09:09:01",NULL
"901","3","4","Reserved-Seating","1560.00","2020-06-20 09:09:01",NULL
"902","1","3","Coded-discount","1711.00","2020-06-20 09:09:01",NULL
"903","4","6","Early-bird-discount","1667.00","2020-06-20 09:09:01",NULL
"904","5","2","Reserved-Seating","1730.00","2020-06-20 09:09:02",NULL
"905","1","1","Reserved-Seating","1317.00","2020-06-20 09:09:02",NULL
"906","2","2","Reserved-Seating","1623.00","2020-06-20 09:09:02",NULL
"907","6","6","Early-bird-discount","1707.00","2020-06-20 09:09:02",NULL
"908","1","2","Coded-discount","1966.00","2020-06-20 09:09:02",NULL
"909","3","6","Coded-discount","1762.00","2020-06-20 09:09:02",NULL
"910","2","3","General-admission","1916.00","2020-06-20 09:09:02",NULL
"911","6","6","General-admission","1419.00","2020-06-20 09:09:02",NULL
"912","3","1","Reserved-Seating","1377.00","2020-06-20 09:09:02",NULL
"913","3","2","Early-bird-discount","1780.00","2020-06-20 09:09:02",NULL
"914","1","6","Reserved-Seating","1285.00","2020-06-20 09:09:02",NULL
"915","3","4","Early-bird-discount","1277.00","2020-06-20 09:09:02",NULL
"916","1","2","Early-bird-discount","1681.00","2020-06-20 09:09:02",NULL
"917","2","4","Reserved-Seating","1462.00","2020-06-20 09:09:02",NULL
"918","2","2","VIP","1237.00","2020-06-20 09:09:02",NULL
"919","2","4","Coded-discount","1859.00","2020-06-20 09:09:02",NULL
"920","6","4","VIP","1075.00","2020-06-20 09:09:02",NULL
"921","3","5","Early-bird-discount","1936.00","2020-06-20 09:09:02",NULL
"922","4","2","Reserved-Seating","1791.00","2020-06-20 09:09:02",NULL
"923","4","3","Early-bird-discount","1390.00","2020-06-20 09:09:02",NULL
"924","3","6","VIP","1592.00","2020-06-20 09:09:02",NULL
"925","1","5","Early-bird-discount","1214.00","2020-06-20 09:09:02",NULL
"926","5","1","Coded-discount","1951.00","2020-06-20 09:09:02",NULL
"927","5","4","Early-bird-discount","1622.00","2020-06-20 09:09:02",NULL
"928","3","6","Reserved-Seating","1013.00","2020-06-20 09:09:02",NULL
"929","3","4","Coded-discount","1185.00","2020-06-20 09:09:02",NULL
"930","1","2","General-admission","1623.00","2020-06-20 09:09:02",NULL
"931","2","1","Reserved-Seating","1196.00","2020-06-20 09:09:02",NULL
"932","5","1","Reserved-Seating","1607.00","2020-06-20 09:09:02",NULL
"933","6","2","VIP","1738.00","2020-06-20 09:09:02",NULL
"934","1","6","Reserved-Seating","1047.00","2020-06-20 09:09:02",NULL
"935","4","3","Reserved-Seating","1516.00","2020-06-20 09:09:02",NULL
"936","2","4","General-admission","1145.00","2020-06-20 09:09:02",NULL
"937","2","5","Coded-discount","1246.00","2020-06-20 09:09:02",NULL
"938","1","5","General-admission","1017.00","2020-06-20 09:09:03",NULL
"939","4","1","Coded-discount","1429.00","2020-06-20 09:09:03",NULL
"940","5","5","Reserved-Seating","1744.00","2020-06-20 09:09:03",NULL
"941","2","6","VIP","1882.00","2020-06-20 09:09:03",NULL
"942","5","1","Coded-discount","1078.00","2020-06-20 09:09:03",NULL
"943","2","3","VIP","1507.00","2020-06-20 09:09:03",NULL
"944","5","3","General-admission","1037.00","2020-06-20 09:09:03",NULL
"945","4","5","Early-bird-discount","1672.00","2020-06-20 09:09:03",NULL
"946","3","3","Reserved-Seating","1557.00","2020-06-20 09:09:03",NULL
"947","4","2","Reserved-Seating","1148.00","2020-06-20 09:09:03",NULL
"948","3","6","General-admission","1642.00","2020-06-20 09:09:03",NULL
"949","4","1","Coded-discount","1780.00","2020-06-20 09:09:03",NULL
"950","1","6","VIP","1477.00","2020-06-20 09:09:03",NULL
"951","4","4","VIP","1080.00","2020-06-20 09:09:03",NULL
"952","1","4","General-admission","1708.00","2020-06-20 09:09:03",NULL
"953","1","3","Coded-discount","1382.00","2020-06-20 09:09:03",NULL
"954","1","3","Early-bird-discount","1001.00","2020-06-20 09:09:03",NULL
"955","5","2","Early-bird-discount","1373.00","2020-06-20 09:09:03",NULL
"956","1","2","Early-bird-discount","1642.00","2020-06-20 09:09:03",NULL
"957","6","6","Reserved-Seating","1099.00","2020-06-20 09:09:03",NULL
"958","3","3","General-admission","1325.00","2020-06-20 09:09:03",NULL
"959","5","4","General-admission","1405.00","2020-06-20 09:09:03",NULL
"960","6","4","Reserved-Seating","1213.00","2020-06-20 09:09:03",NULL
"961","2","1","Early-bird-discount","1206.00","2020-06-20 09:09:03",NULL
"962","1","3","Coded-discount","1468.00","2020-06-20 09:09:03",NULL
"963","2","6","Early-bird-discount","1765.00","2020-06-20 09:09:03",NULL
"964","3","1","Coded-discount","1355.00","2020-06-20 09:09:03",NULL
"965","2","1","General-admission","1448.00","2020-06-20 09:09:03",NULL
"966","6","3","Coded-discount","1407.00","2020-06-20 09:09:03",NULL
"967","2","5","Reserved-Seating","1967.00","2020-06-20 09:09:03",NULL
"968","3","3","Reserved-Seating","1316.00","2020-06-20 09:09:03",NULL
"969","6","3","Early-bird-discount","1528.00","2020-06-20 09:09:03",NULL
"970","5","5","Coded-discount","1168.00","2020-06-20 09:09:03",NULL
"971","2","6","Coded-discount","1838.00","2020-06-20 09:09:03",NULL
"972","6","6","Coded-discount","1653.00","2020-06-20 09:09:03",NULL
"973","6","4","Early-bird-discount","1259.00","2020-06-20 09:09:03",NULL
"974","2","3","General-admission","1965.00","2020-06-20 09:09:04",NULL
"975","3","6","VIP","1591.00","2020-06-20 09:09:04",NULL
"976","2","6","General-admission","1193.00","2020-06-20 09:09:04",NULL
"977","4","1","Reserved-Seating","1960.00","2020-06-20 09:09:04",NULL
"978","3","3","Reserved-Seating","1557.00","2020-06-20 09:09:04",NULL
"979","6","6","General-admission","1470.00","2020-06-20 09:09:04",NULL
"980","2","5","Early-bird-discount","1076.00","2020-06-20 09:09:04",NULL
"981","6","3","Early-bird-discount","1427.00","2020-06-20 09:09:04",NULL
"982","2","2","General-admission","1757.00","2020-06-20 09:09:04",NULL
"983","5","6","VIP","1437.00","2020-06-20 09:09:04",NULL
"984","1","6","VIP","1160.00","2020-06-20 09:09:04",NULL
"985","5","6","Early-bird-discount","1551.00","2020-06-20 09:09:04",NULL
"986","1","5","Early-bird-discount","1122.00","2020-06-20 09:09:04",NULL
"987","6","3","Reserved-Seating","1101.00","2020-06-20 09:09:04",NULL
"988","1","4","Coded-discount","1129.00","2020-06-20 09:09:04",NULL
"989","3","3","Reserved-Seating","1516.00","2020-06-20 09:09:04",NULL
"990","5","6","Early-bird-discount","1807.00","2020-06-20 09:09:04",NULL
"991","5","1","Coded-discount","1722.00","2020-06-20 09:09:04",NULL
"992","2","2","General-admission","1165.00","2020-06-20 09:09:04",NULL
"993","1","4","Reserved-Seating","1417.00","2020-06-20 09:09:04",NULL
"994","3","2","VIP","1642.00","2020-06-20 09:09:04",NULL
"995","5","3","Coded-discount","1402.00","2020-06-20 09:09:04",NULL
"996","3","4","Reserved-Seating","1354.00","2020-06-20 09:09:04",NULL
"997","4","2","General-admission","1366.00","2020-06-20 09:09:04",NULL
"998","3","1","Early-bird-discount","1205.00","2020-06-20 09:09:04",NULL
"999","5","1","Early-bird-discount","1972.00","2020-06-20 09:09:04",NULL
"1000","4","1","General-admission","1814.00","2020-06-20 09:09:04",NULL
